Carlos Gardel,Paseo de julio,,,paseo,1
Carlos Gardel,Paseo de julio,,,de,2
Carlos Gardel,Paseo de julio,,,julio,3
Carlos Gardel,Paseo de julio,,,tu,4
Carlos Gardel,Paseo de julio,,,vieja,5
Carlos Gardel,Paseo de julio,,,recova,6
Carlos Gardel,Paseo de julio,,,recuerda,7
Carlos Gardel,Paseo de julio,,,otras,8
Carlos Gardel,Paseo de julio,,,horas,9
Carlos Gardel,Paseo de julio,,,que,10
Carlos Gardel,Paseo de julio,,,no,11
Carlos Gardel,Paseo de julio,,,olvidé,12
Carlos Gardel,Paseo de julio,,,sembraron,13
Carlos Gardel,Paseo de julio,,,ropas,14
Carlos Gardel,Paseo de julio,,,en,15
Carlos Gardel,Paseo de julio,,,tu,15
Carlos Gardel,Paseo de julio,,,vereda,16
Carlos Gardel,Paseo de julio,,,y,17
Carlos Gardel,Paseo de julio,,,en,17
Carlos Gardel,Paseo de julio,,,tus,18
Carlos Gardel,Paseo de julio,,,agencias,19
Carlos Gardel,Paseo de julio,,,pusieron,20
Carlos Gardel,Paseo de julio,,,miel,21
Carlos Gardel,Paseo de julio,,,paseo,21
Carlos Gardel,Paseo de julio,,,de,21
Carlos Gardel,Paseo de julio,,,julio,21
Carlos Gardel,Paseo de julio,,,saludo,22
Carlos Gardel,Paseo de julio,,,primero,23
Carlos Gardel,Paseo de julio,,,de,23
Carlos Gardel,Paseo de julio,,,los,24
Carlos Gardel,Paseo de julio,,,forasteros,25
Carlos Gardel,Paseo de julio,,,que,25
Carlos Gardel,Paseo de julio,,,alegres,26
Carlos Gardel,Paseo de julio,,,van,27
Carlos Gardel,Paseo de julio,,,rudos,28
Carlos Gardel,Paseo de julio,,,sus,29
Carlos Gardel,Paseo de julio,,,cuerpos,30
Carlos Gardel,Paseo de julio,,,como,31
Carlos Gardel,Paseo de julio,,,el,32
Carlos Gardel,Paseo de julio,,,acero,33
Carlos Gardel,Paseo de julio,,,buscando,34
Carlos Gardel,Paseo de julio,,,tierras,35
Carlos Gardel,Paseo de julio,,,que,35
Carlos Gardel,Paseo de julio,,,trabajar,36
Carlos Gardel,Paseo de julio,,,y,36
Carlos Gardel,Paseo de julio,,,en,36
Carlos Gardel,Paseo de julio,,,esos,37
Carlos Gardel,Paseo de julio,,,café.ines,38
Carlos Gardel,Paseo de julio,,,guardados,39
Carlos Gardel,Paseo de julio,,,entre,40
Carlos Gardel,Paseo de julio,,,sombras,41
Carlos Gardel,Paseo de julio,,,soñaba,42
Carlos Gardel,Paseo de julio,,,un,43
Carlos Gardel,Paseo de julio,,,buen,44
Carlos Gardel,Paseo de julio,,,muchacho,45
Carlos Gardel,Paseo de julio,,,que,45
Carlos Gardel,Paseo de julio,,,quiso,46
Carlos Gardel,Paseo de julio,,,de,46
Carlos Gardel,Paseo de julio,,,verdad,47
Carlos Gardel,Paseo de julio,,,y,47
Carlos Gardel,Paseo de julio,,,al,48
Carlos Gardel,Paseo de julio,,,son,49
Carlos Gardel,Paseo de julio,,,de,49
Carlos Gardel,Paseo de julio,,,los,49
Carlos Gardel,Paseo de julio,,,violines,50
Carlos Gardel,Paseo de julio,,,rimaba,51
Carlos Gardel,Paseo de julio,,,allí,52
Carlos Gardel,Paseo de julio,,,sus,52
Carlos Gardel,Paseo de julio,,,coplas,53
Carlos Gardel,Paseo de julio,,,bebiendo,54
Carlos Gardel,Paseo de julio,,,a,55
Carlos Gardel,Paseo de julio,,,cada,56
Carlos Gardel,Paseo de julio,,,rato,57
Carlos Gardel,Paseo de julio,,,los,57
Carlos Gardel,Paseo de julio,,,sorbos,58
Carlos Gardel,Paseo de julio,,,de,58
Carlos Gardel,Paseo de julio,,,su,59
Carlos Gardel,Paseo de julio,,,mal,60
Carlos Gardel,Paseo de julio,,,recuerdo,61
Carlos Gardel,Paseo de julio,,,que,61
Carlos Gardel,Paseo de julio,,,una,62
Carlos Gardel,Paseo de julio,,,noche,63
Carlos Gardel,Paseo de julio,,,muy,64
Carlos Gardel,Paseo de julio,,,pálido,65
Carlos Gardel,Paseo de julio,,,decía,66
Carlos Gardel,Paseo de julio,,,no,66
Carlos Gardel,Paseo de julio,,,sé,67
Carlos Gardel,Paseo de julio,,,qué,68
Carlos Gardel,Paseo de julio,,,hay,69
Carlos Gardel,Paseo de julio,,,en,69
Carlos Gardel,Paseo de julio,,,mi,70
Carlos Gardel,Paseo de julio,,,pecho,71
Carlos Gardel,Paseo de julio,,,me,72
Carlos Gardel,Paseo de julio,,,falla,73
Carlos Gardel,Paseo de julio,,,el,73
Carlos Gardel,Paseo de julio,,,corazón,74
Carlos Gardel,Paseo de julio,,,y,74
Carlos Gardel,Paseo de julio,,,aquella,75
Carlos Gardel,Paseo de julio,,,misma,76
Carlos Gardel,Paseo de julio,,,noche,76
Carlos Gardel,Paseo de julio,,,la,77
Carlos Gardel,Paseo de julio,,,novia,78
Carlos Gardel,Paseo de julio,,,que,78
Carlos Gardel,Paseo de julio,,,tenía,79
Carlos Gardel,Paseo de julio,,,de,79
Carlos Gardel,Paseo de julio,,,un,79
Carlos Gardel,Paseo de julio,,,trazo,80
Carlos Gardel,Paseo de julio,,,había,81
Carlos Gardel,Paseo de julio,,,deshecho,82
Carlos Gardel,Paseo de julio,,,su,82
Carlos Gardel,Paseo de julio,,,dicha,83
Carlos Gardel,Paseo de julio,,,su,83
Carlos Gardel,Paseo de julio,,,ilusión,84
Carlos Gardel,Paseo de julio,,,paseo,84
Carlos Gardel,Paseo de julio,,,de,84
Carlos Gardel,Paseo de julio,,,julio,84
Carlos Gardel,Paseo de julio,,,tu,84
Carlos Gardel,Paseo de julio,,,vieja,84
Carlos Gardel,Paseo de julio,,,recova,84
Carlos Gardel,Paseo de julio,,,recuerda,84
Carlos Gardel,Paseo de julio,,,otras,84
Carlos Gardel,Paseo de julio,,,horas,84
Carlos Gardel,Paseo de julio,,,que,84
Carlos Gardel,Paseo de julio,,,yo,85
Carlos Gardel,Paseo de julio,,,olvidé,85
Carlos Gardel,Paseo de julio,,,sembraron,85
Carlos Gardel,Paseo de julio,,,ropas,85
Carlos Gardel,Paseo de julio,,,en,85
Carlos Gardel,Paseo de julio,,,tu,85
Carlos Gardel,Paseo de julio,,,vereda,85
Carlos Gardel,Paseo de julio,,,y,85
Carlos Gardel,Paseo de julio,,,en,85
Carlos Gardel,Paseo de julio,,,tus,85
Carlos Gardel,Paseo de julio,,,agencias,85
Carlos Gardel,Paseo de julio,,,pusieron,85
Carlos Gardel,Paseo de julio,,,miel,85
Carlos Gardel,Paseo de julio,,,paseo,85
Carlos Gardel,Paseo de julio,,,de,85
Carlos Gardel,Paseo de julio,,,julio,85
Carlos Gardel,Paseo de julio,,,saludo,85
Carlos Gardel,Paseo de julio,,,primero,85
Carlos Gardel,Paseo de julio,,,de,85
Carlos Gardel,Paseo de julio,,,los,85
Carlos Gardel,Paseo de julio,,,forasteros,85
Carlos Gardel,Paseo de julio,,,que,85
Carlos Gardel,Paseo de julio,,,alegres,85
Carlos Gardel,Paseo de julio,,,van,85
Carlos Gardel,Paseo de julio,,,rudos,85
Carlos Gardel,Paseo de julio,,,sus,85
Carlos Gardel,Paseo de julio,,,cuerpos,85
Carlos Gardel,Paseo de julio,,,como,85
Carlos Gardel,Paseo de julio,,,el,85
Carlos Gardel,Paseo de julio,,,acero,85
Carlos Gardel,Paseo de julio,,,buscando,85
Carlos Gardel,Paseo de julio,,,tierras,85
Carlos Gardel,Paseo de julio,,,que,85
Carlos Gardel,Paseo de julio,,,trabajar,85
Carlos Gardel,Paseo de julio,,,tus,85
Carlos Gardel,Paseo de julio,,,arcos,86
Carlos Gardel,Paseo de julio,,,como,86
Carlos Gardel,Paseo de julio,,,un,86
Carlos Gardel,Paseo de julio,,,puente,87
Carlos Gardel,Paseo de julio,,,que,87
Carlos Gardel,Paseo de julio,,,pesan,88
Carlos Gardel,Paseo de julio,,,por,89
Carlos Gardel,Paseo de julio,,,sus,89
Carlos Gardel,Paseo de julio,,,años,90
Carlos Gardel,Paseo de julio,,,tus,90
Carlos Gardel,Paseo de julio,,,luces,91
Carlos Gardel,Paseo de julio,,,de,91
Carlos Gardel,Paseo de julio,,,colores,92
Carlos Gardel,Paseo de julio,,,tiraron,93
Carlos Gardel,Paseo de julio,,,mi,93
Carlos Gardel,Paseo de julio,,,ansiedad,94
Carlos Gardel,Paseo de julio,,,y,94
Carlos Gardel,Paseo de julio,,,así,95
Carlos Gardel,Paseo de julio,,,al,95
Carlos Gardel,Paseo de julio,,,pasar,96
Carlos Gardel,Paseo de julio,,,enfrente,97
Carlos Gardel,Paseo de julio,,,de,97
Carlos Gardel,Paseo de julio,,,aquél,98
Carlos Gardel,Paseo de julio,,,café,99
Carlos Gardel,Paseo de julio,,,el,99
Carlos Gardel,Paseo de julio,,,muchacho,99
Carlos Gardel,Paseo de julio,,,se,100
Carlos Gardel,Paseo de julio,,,me,100
Carlos Gardel,Paseo de julio,,,cruzaba,101
Carlos Gardel,Paseo de julio,,,entonces,102
Carlos Gardel,Paseo de julio,,,y,102
Carlos Gardel,Paseo de julio,,,quise,103
Carlos Gardel,Paseo de julio,,,preguntar,104
Carlos Gardel,Paseo de julio,,,yo,104
Carlos Gardel,Paseo de julio,,,vi,105
Carlos Gardel,Paseo de julio,,,en,105
Carlos Gardel,Paseo de julio,,,la,105
Carlos Gardel,Paseo de julio,,,misma,105
Carlos Gardel,Paseo de julio,,,mesa,106
Carlos Gardel,Paseo de julio,,,que,106
Carlos Gardel,Paseo de julio,,,aquél,106
Carlos Gardel,Paseo de julio,,,siempre,107
Carlos Gardel,Paseo de julio,,,ocupaba,108
Carlos Gardel,Paseo de julio,,,un,108
Carlos Gardel,Paseo de julio,,,marínero,109
Carlos Gardel,Paseo de julio,,,amigo,110
Carlos Gardel,Paseo de julio,,,que,110
Carlos Gardel,Paseo de julio,,,fijo,111
Carlos Gardel,Paseo de julio,,,me,111
Carlos Gardel,Paseo de julio,,,miró,112
Carlos Gardel,Paseo de julio,,,y,112
Carlos Gardel,Paseo de julio,,,cuando,113
Carlos Gardel,Paseo de julio,,,la,113
Carlos Gardel,Paseo de julio,,,cerveza,114
Carlos Gardel,Paseo de julio,,,sus,114
Carlos Gardel,Paseo de julio,,,labios,115
Carlos Gardel,Paseo de julio,,,ya,116
Carlos Gardel,Paseo de julio,,,mojaba,117
Carlos Gardel,Paseo de julio,,,me,117
Carlos Gardel,Paseo de julio,,,dijo,118
Carlos Gardel,Paseo de julio,,,fui,119
Carlos Gardel,Paseo de julio,,,testigo,120
Carlos Gardel,Paseo de julio,,,murió,121
Carlos Gardel,Paseo de julio,,,el,121
Carlos Gardel,Paseo de julio,,,pobre,122
Carlos Gardel,Paseo de julio,,,de,122
Carlos Gardel,Paseo de julio,,,amor,123
