Carlos Gardel,Silbando,,,una,1
Carlos Gardel,Silbando,,,calle,2
Carlos Gardel,Silbando,,,en,3
Carlos Gardel,Silbando,,,barracas,4
Carlos Gardel,Silbando,,,al,5
Carlos Gardel,Silbando,,,sur,6
Carlos Gardel,Silbando,,,una,6
Carlos Gardel,Silbando,,,noche,7
Carlos Gardel,Silbando,,,de,8
Carlos Gardel,Silbando,,,verano,9
Carlos Gardel,Silbando,,,cuando,10
Carlos Gardel,Silbando,,,el,11
Carlos Gardel,Silbando,,,cielo,12
Carlos Gardel,Silbando,,,es,13
Carlos Gardel,Silbando,,,mas,14
Carlos Gardel,Silbando,,,azul,15
Carlos Gardel,Silbando,,,y,16
Carlos Gardel,Silbando,,,mas,16
Carlos Gardel,Silbando,,,dulzon,17
Carlos Gardel,Silbando,,,el,17
Carlos Gardel,Silbando,,,canto,18
Carlos Gardel,Silbando,,,del,19
Carlos Gardel,Silbando,,,barco,20
Carlos Gardel,Silbando,,,italiano,21
Carlos Gardel,Silbando,,,con,22
Carlos Gardel,Silbando,,,su,23
Carlos Gardel,Silbando,,,luz,24
Carlos Gardel,Silbando,,,mortecina,25
Carlos Gardel,Silbando,,,un,26
Carlos Gardel,Silbando,,,farol,27
Carlos Gardel,Silbando,,,con,27
Carlos Gardel,Silbando,,,las,28
Carlos Gardel,Silbando,,,sombras,29
Carlos Gardel,Silbando,,,gambetea,30
Carlos Gardel,Silbando,,,y,30
Carlos Gardel,Silbando,,,en,30
Carlos Gardel,Silbando,,,un,30
Carlos Gardel,Silbando,,,zagun,31
Carlos Gardel,Silbando,,,esta,32
Carlos Gardel,Silbando,,,un,32
Carlos Gardel,Silbando,,,galn,33
Carlos Gardel,Silbando,,,hablando,34
Carlos Gardel,Silbando,,,con,34
Carlos Gardel,Silbando,,,su,34
Carlos Gardel,Silbando,,,amor,35
Carlos Gardel,Silbando,,,y,35
Carlos Gardel,Silbando,,,desde,36
Carlos Gardel,Silbando,,,el,36
Carlos Gardel,Silbando,,,fondo,37
Carlos Gardel,Silbando,,,del,37
Carlos Gardel,Silbando,,,dock,38
Carlos Gardel,Silbando,,,gimiendo,39
Carlos Gardel,Silbando,,,en,39
Carlos Gardel,Silbando,,,lnguido,40
Carlos Gardel,Silbando,,,lamento,41
Carlos Gardel,Silbando,,,el,41
Carlos Gardel,Silbando,,,eco,42
Carlos Gardel,Silbando,,,trae,43
Carlos Gardel,Silbando,,,un,43
Carlos Gardel,Silbando,,,acento,44
Carlos Gardel,Silbando,,,de,44
Carlos Gardel,Silbando,,,un,44
Carlos Gardel,Silbando,,,montono,45
Carlos Gardel,Silbando,,,acorden,46
Carlos Gardel,Silbando,,,y,46
Carlos Gardel,Silbando,,,cruza,47
Carlos Gardel,Silbando,,,el,47
Carlos Gardel,Silbando,,,cielo,47
Carlos Gardel,Silbando,,,un,47
Carlos Gardel,Silbando,,,aullido,48
Carlos Gardel,Silbando,,,de,48
Carlos Gardel,Silbando,,,algn,49
Carlos Gardel,Silbando,,,perro,50
Carlos Gardel,Silbando,,,vagabundo,51
Carlos Gardel,Silbando,,,y,51
Carlos Gardel,Silbando,,,un,51
Carlos Gardel,Silbando,,,reo,52
Carlos Gardel,Silbando,,,meditabundo,53
Carlos Gardel,Silbando,,,va,54
Carlos Gardel,Silbando,,,silbando,55
Carlos Gardel,Silbando,,,esta,55
Carlos Gardel,Silbando,,,cancin,56
Carlos Gardel,Silbando,,,una,56
Carlos Gardel,Silbando,,,calle,56
Carlos Gardel,Silbando,,,un,56
Carlos Gardel,Silbando,,,farol,56
Carlos Gardel,Silbando,,,ella,57
Carlos Gardel,Silbando,,,y,57
Carlos Gardel,Silbando,,,el,57
Carlos Gardel,Silbando,,,y,57
Carlos Gardel,Silbando,,,llegando,58
Carlos Gardel,Silbando,,,sigilosa,59
Carlos Gardel,Silbando,,,la,60
Carlos Gardel,Silbando,,,sombra,61
Carlos Gardel,Silbando,,,del,61
Carlos Gardel,Silbando,,,hombre,62
Carlos Gardel,Silbando,,,aquel,63
Carlos Gardel,Silbando,,,a,64
Carlos Gardel,Silbando,,,quien,65
Carlos Gardel,Silbando,,,infiel,66
Carlos Gardel,Silbando,,,dejo,67
Carlos Gardel,Silbando,,,una,67
Carlos Gardel,Silbando,,,vez,68
Carlos Gardel,Silbando,,,la,68
Carlos Gardel,Silbando,,,ingrata,69
Carlos Gardel,Silbando,,,moza,70
Carlos Gardel,Silbando,,,un,70
Carlos Gardel,Silbando,,,gemido,71
Carlos Gardel,Silbando,,,y,71
Carlos Gardel,Silbando,,,un,71
Carlos Gardel,Silbando,,,grito,72
Carlos Gardel,Silbando,,,mortal,73
Carlos Gardel,Silbando,,,y,73
Carlos Gardel,Silbando,,,brillando,74
Carlos Gardel,Silbando,,,entre,75
Carlos Gardel,Silbando,,,las,75
Carlos Gardel,Silbando,,,sombras,75
Carlos Gardel,Silbando,,,el,75
Carlos Gardel,Silbando,,,relumbrn,76
Carlos Gardel,Silbando,,,con,76
Carlos Gardel,Silbando,,,que,77
Carlos Gardel,Silbando,,,un,77
Carlos Gardel,Silbando,,,facon,78
Carlos Gardel,Silbando,,,da,79
Carlos Gardel,Silbando,,,su,79
Carlos Gardel,Silbando,,,tajo,80
Carlos Gardel,Silbando,,,fatal,81
Carlos Gardel,Silbando,,,y,81
Carlos Gardel,Silbando,,,desde,81
Carlos Gardel,Silbando,,,el,81
Carlos Gardel,Silbando,,,fondo,81
Carlos Gardel,Silbando,,,del,81
Carlos Gardel,Silbando,,,dock,81
Carlos Gardel,Silbando,,,.,82
