Carlos Gardel,Noche De Reyes,Tango Argentino,,la,1
Carlos Gardel,Noche De Reyes,Tango Argentino,,quise,2
Carlos Gardel,Noche De Reyes,Tango Argentino,,como,3
Carlos Gardel,Noche De Reyes,Tango Argentino,,nadie,4
Carlos Gardel,Noche De Reyes,Tango Argentino,,tal,5
Carlos Gardel,Noche De Reyes,Tango Argentino,,vez,6
Carlos Gardel,Noche De Reyes,Tango Argentino,,haya,7
Carlos Gardel,Noche De Reyes,Tango Argentino,,querido,8
Carlos Gardel,Noche De Reyes,Tango Argentino,,y,9
Carlos Gardel,Noche De Reyes,Tango Argentino,,la,9
Carlos Gardel,Noche De Reyes,Tango Argentino,,adoraba,10
Carlos Gardel,Noche De Reyes,Tango Argentino,,tanto,11
Carlos Gardel,Noche De Reyes,Tango Argentino,,que,12
Carlos Gardel,Noche De Reyes,Tango Argentino,,hasta,13
Carlos Gardel,Noche De Reyes,Tango Argentino,,celos,14
Carlos Gardel,Noche De Reyes,Tango Argentino,,sentí,15
Carlos Gardel,Noche De Reyes,Tango Argentino,,por,16
Carlos Gardel,Noche De Reyes,Tango Argentino,,ella,17
Carlos Gardel,Noche De Reyes,Tango Argentino,,me,18
Carlos Gardel,Noche De Reyes,Tango Argentino,,hice,19
Carlos Gardel,Noche De Reyes,Tango Argentino,,bueno,20
Carlos Gardel,Noche De Reyes,Tango Argentino,,honrado,21
Carlos Gardel,Noche De Reyes,Tango Argentino,,y,21
Carlos Gardel,Noche De Reyes,Tango Argentino,,buen,22
Carlos Gardel,Noche De Reyes,Tango Argentino,,marido,23
Carlos Gardel,Noche De Reyes,Tango Argentino,,y,23
Carlos Gardel,Noche De Reyes,Tango Argentino,,en,24
Carlos Gardel,Noche De Reyes,Tango Argentino,,hombre,25
Carlos Gardel,Noche De Reyes,Tango Argentino,,de,26
Carlos Gardel,Noche De Reyes,Tango Argentino,,trabajo,27
Carlos Gardel,Noche De Reyes,Tango Argentino,,mi,28
Carlos Gardel,Noche De Reyes,Tango Argentino,,vida,29
Carlos Gardel,Noche De Reyes,Tango Argentino,,convertí,30
Carlos Gardel,Noche De Reyes,Tango Argentino,,al,31
Carlos Gardel,Noche De Reyes,Tango Argentino,,cabo,32
Carlos Gardel,Noche De Reyes,Tango Argentino,,de,32
Carlos Gardel,Noche De Reyes,Tango Argentino,,algún,33
Carlos Gardel,Noche De Reyes,Tango Argentino,,tiempo,34
Carlos Gardel,Noche De Reyes,Tango Argentino,,de,34
Carlos Gardel,Noche De Reyes,Tango Argentino,,unir,35
Carlos Gardel,Noche De Reyes,Tango Argentino,,nuestro,36
Carlos Gardel,Noche De Reyes,Tango Argentino,,destino,37
Carlos Gardel,Noche De Reyes,Tango Argentino,,nacía,38
Carlos Gardel,Noche De Reyes,Tango Argentino,,un,39
Carlos Gardel,Noche De Reyes,Tango Argentino,,varoncito,40
Carlos Gardel,Noche De Reyes,Tango Argentino,,orgullo,41
Carlos Gardel,Noche De Reyes,Tango Argentino,,de,41
Carlos Gardel,Noche De Reyes,Tango Argentino,,mi,41
Carlos Gardel,Noche De Reyes,Tango Argentino,,hogar,42
Carlos Gardel,Noche De Reyes,Tango Argentino,,;,43
Carlos Gardel,Noche De Reyes,Tango Argentino,,y,43
Carlos Gardel,Noche De Reyes,Tango Argentino,,era,44
Carlos Gardel,Noche De Reyes,Tango Argentino,,mi,44
Carlos Gardel,Noche De Reyes,Tango Argentino,,dicha,45
Carlos Gardel,Noche De Reyes,Tango Argentino,,tanta,46
Carlos Gardel,Noche De Reyes,Tango Argentino,,al,46
Carlos Gardel,Noche De Reyes,Tango Argentino,,ver,47
Carlos Gardel,Noche De Reyes,Tango Argentino,,claro,48
Carlos Gardel,Noche De Reyes,Tango Argentino,,mi,48
Carlos Gardel,Noche De Reyes,Tango Argentino,,camino,49
Carlos Gardel,Noche De Reyes,Tango Argentino,,ser,50
Carlos Gardel,Noche De Reyes,Tango Argentino,,padre,51
Carlos Gardel,Noche De Reyes,Tango Argentino,,de,51
Carlos Gardel,Noche De Reyes,Tango Argentino,,familia,52
Carlos Gardel,Noche De Reyes,Tango Argentino,,honrado,52
Carlos Gardel,Noche De Reyes,Tango Argentino,,y,52
Carlos Gardel,Noche De Reyes,Tango Argentino,,trabajar,53
Carlos Gardel,Noche De Reyes,Tango Argentino,,pero,54
Carlos Gardel,Noche De Reyes,Tango Argentino,,una,55
Carlos Gardel,Noche De Reyes,Tango Argentino,,noche,56
Carlos Gardel,Noche De Reyes,Tango Argentino,,de,56
Carlos Gardel,Noche De Reyes,Tango Argentino,,reyes,57
Carlos Gardel,Noche De Reyes,Tango Argentino,,cuando,58
Carlos Gardel,Noche De Reyes,Tango Argentino,,a,59
Carlos Gardel,Noche De Reyes,Tango Argentino,,mi,59
Carlos Gardel,Noche De Reyes,Tango Argentino,,hogar,59
Carlos Gardel,Noche De Reyes,Tango Argentino,,regresaba,60
Carlos Gardel,Noche De Reyes,Tango Argentino,,comprobé,61
Carlos Gardel,Noche De Reyes,Tango Argentino,,que,61
Carlos Gardel,Noche De Reyes,Tango Argentino,,me,61
Carlos Gardel,Noche De Reyes,Tango Argentino,,engañaba,62
Carlos Gardel,Noche De Reyes,Tango Argentino,,con,63
Carlos Gardel,Noche De Reyes,Tango Argentino,,el,64
Carlos Gardel,Noche De Reyes,Tango Argentino,,amigo,65
Carlos Gardel,Noche De Reyes,Tango Argentino,,más,66
Carlos Gardel,Noche De Reyes,Tango Argentino,,fiel,67
Carlos Gardel,Noche De Reyes,Tango Argentino,,y,67
Carlos Gardel,Noche De Reyes,Tango Argentino,,ofendido,68
Carlos Gardel,Noche De Reyes,Tango Argentino,,en,68
Carlos Gardel,Noche De Reyes,Tango Argentino,,mi,68
Carlos Gardel,Noche De Reyes,Tango Argentino,,amor,69
Carlos Gardel,Noche De Reyes,Tango Argentino,,propio,70
Carlos Gardel,Noche De Reyes,Tango Argentino,,quise,70
Carlos Gardel,Noche De Reyes,Tango Argentino,,vengar,71
Carlos Gardel,Noche De Reyes,Tango Argentino,,el,71
Carlos Gardel,Noche De Reyes,Tango Argentino,,ultraje,72
Carlos Gardel,Noche De Reyes,Tango Argentino,,lleno,73
Carlos Gardel,Noche De Reyes,Tango Argentino,,de,73
Carlos Gardel,Noche De Reyes,Tango Argentino,,ira,74
Carlos Gardel,Noche De Reyes,Tango Argentino,,y,74
Carlos Gardel,Noche De Reyes,Tango Argentino,,coraje,75
Carlos Gardel,Noche De Reyes,Tango Argentino,,sin,76
Carlos Gardel,Noche De Reyes,Tango Argentino,,compasión,77
Carlos Gardel,Noche De Reyes,Tango Argentino,,los,78
Carlos Gardel,Noche De Reyes,Tango Argentino,,maté,79
Carlos Gardel,Noche De Reyes,Tango Argentino,,que,79
Carlos Gardel,Noche De Reyes,Tango Argentino,,cuadro,80
Carlos Gardel,Noche De Reyes,Tango Argentino,,compañeros,81
Carlos Gardel,Noche De Reyes,Tango Argentino,,no,82
Carlos Gardel,Noche De Reyes,Tango Argentino,,quiero,83
Carlos Gardel,Noche De Reyes,Tango Argentino,,recordarlo,84
Carlos Gardel,Noche De Reyes,Tango Argentino,,me,84
Carlos Gardel,Noche De Reyes,Tango Argentino,,llena,85
Carlos Gardel,Noche De Reyes,Tango Argentino,,de,85
Carlos Gardel,Noche De Reyes,Tango Argentino,,vergüenza,86
Carlos Gardel,Noche De Reyes,Tango Argentino,,de,86
Carlos Gardel,Noche De Reyes,Tango Argentino,,odio,87
Carlos Gardel,Noche De Reyes,Tango Argentino,,y,87
Carlos Gardel,Noche De Reyes,Tango Argentino,,de,87
Carlos Gardel,Noche De Reyes,Tango Argentino,,rencor,88
Carlos Gardel,Noche De Reyes,Tango Argentino,,de,88
Carlos Gardel,Noche De Reyes,Tango Argentino,,que,88
Carlos Gardel,Noche De Reyes,Tango Argentino,,vale,89
Carlos Gardel,Noche De Reyes,Tango Argentino,,ser,89
Carlos Gardel,Noche De Reyes,Tango Argentino,,bueno,89
Carlos Gardel,Noche De Reyes,Tango Argentino,,si,90
Carlos Gardel,Noche De Reyes,Tango Argentino,,aparte,91
Carlos Gardel,Noche De Reyes,Tango Argentino,,de,91
Carlos Gardel,Noche De Reyes,Tango Argentino,,vengarme,92
Carlos Gardel,Noche De Reyes,Tango Argentino,,clavaron,93
Carlos Gardel,Noche De Reyes,Tango Argentino,,en,93
Carlos Gardel,Noche De Reyes,Tango Argentino,,mi,93
Carlos Gardel,Noche De Reyes,Tango Argentino,,pecho,94
Carlos Gardel,Noche De Reyes,Tango Argentino,,la,94
Carlos Gardel,Noche De Reyes,Tango Argentino,,flecha,95
Carlos Gardel,Noche De Reyes,Tango Argentino,,del,96
Carlos Gardel,Noche De Reyes,Tango Argentino,,dolor,97
Carlos Gardel,Noche De Reyes,Tango Argentino,,por,97
Carlos Gardel,Noche De Reyes,Tango Argentino,,eso,98
Carlos Gardel,Noche De Reyes,Tango Argentino,,compañero,99
Carlos Gardel,Noche De Reyes,Tango Argentino,,como,99
Carlos Gardel,Noche De Reyes,Tango Argentino,,hoy,100
Carlos Gardel,Noche De Reyes,Tango Argentino,,es,101
Carlos Gardel,Noche De Reyes,Tango Argentino,,día,102
Carlos Gardel,Noche De Reyes,Tango Argentino,,de,102
Carlos Gardel,Noche De Reyes,Tango Argentino,,reyes,102
Carlos Gardel,Noche De Reyes,Tango Argentino,,los,102
Carlos Gardel,Noche De Reyes,Tango Argentino,,zapatitos,103
Carlos Gardel,Noche De Reyes,Tango Argentino,,el,103
Carlos Gardel,Noche De Reyes,Tango Argentino,,nene,104
Carlos Gardel,Noche De Reyes,Tango Argentino,,afuera,105
Carlos Gardel,Noche De Reyes,Tango Argentino,,los,105
Carlos Gardel,Noche De Reyes,Tango Argentino,,dejo,106
Carlos Gardel,Noche De Reyes,Tango Argentino,,espera,107
Carlos Gardel,Noche De Reyes,Tango Argentino,,un,107
Carlos Gardel,Noche De Reyes,Tango Argentino,,regalito,108
Carlos Gardel,Noche De Reyes,Tango Argentino,,y,108
Carlos Gardel,Noche De Reyes,Tango Argentino,,no,108
Carlos Gardel,Noche De Reyes,Tango Argentino,,sabe,109
Carlos Gardel,Noche De Reyes,Tango Argentino,,que,109
Carlos Gardel,Noche De Reyes,Tango Argentino,,a,109
Carlos Gardel,Noche De Reyes,Tango Argentino,,la,109
Carlos Gardel,Noche De Reyes,Tango Argentino,,madre,110
Carlos Gardel,Noche De Reyes,Tango Argentino,,por,110
Carlos Gardel,Noche De Reyes,Tango Argentino,,falsa,111
Carlos Gardel,Noche De Reyes,Tango Argentino,,y,111
Carlos Gardel,Noche De Reyes,Tango Argentino,,por,111
Carlos Gardel,Noche De Reyes,Tango Argentino,,canalla,112
Carlos Gardel,Noche De Reyes,Tango Argentino,,su,113
Carlos Gardel,Noche De Reyes,Tango Argentino,,padre,113
Carlos Gardel,Noche De Reyes,Tango Argentino,,la,113
Carlos Gardel,Noche De Reyes,Tango Argentino,,mató,114
