Carlos Gardel,Ventarrón,Tango Argentino,,por,1
Carlos Gardel,Ventarrón,Tango Argentino,,tu,2
Carlos Gardel,Ventarrón,Tango Argentino,,fama,3
Carlos Gardel,Ventarrón,Tango Argentino,,por,3
Carlos Gardel,Ventarrón,Tango Argentino,,tu,3
Carlos Gardel,Ventarrón,Tango Argentino,,estampa,4
Carlos Gardel,Ventarrón,Tango Argentino,,sos,5
Carlos Gardel,Ventarrón,Tango Argentino,,el,6
Carlos Gardel,Ventarrón,Tango Argentino,,malevo,7
Carlos Gardel,Ventarrón,Tango Argentino,,mentado,8
Carlos Gardel,Ventarrón,Tango Argentino,,del,9
Carlos Gardel,Ventarrón,Tango Argentino,,hampa,10
Carlos Gardel,Ventarrón,Tango Argentino,,sos,10
Carlos Gardel,Ventarrón,Tango Argentino,,el,10
Carlos Gardel,Ventarrón,Tango Argentino,,mas,11
Carlos Gardel,Ventarrón,Tango Argentino,,taura,12
Carlos Gardel,Ventarrón,Tango Argentino,,entre,13
Carlos Gardel,Ventarrón,Tango Argentino,,todos,14
Carlos Gardel,Ventarrón,Tango Argentino,,los,15
Carlos Gardel,Ventarrón,Tango Argentino,,tauras,16
Carlos Gardel,Ventarrón,Tango Argentino,,sos,16
Carlos Gardel,Ventarrón,Tango Argentino,,el,16
Carlos Gardel,Ventarrón,Tango Argentino,,mismo,17
Carlos Gardel,Ventarrón,Tango Argentino,,``,18
Carlos Gardel,Ventarrón,Tango Argentino,,ventarrn,19
Carlos Gardel,Ventarrón,Tango Argentino,,'',20
Carlos Gardel,Ventarrón,Tango Argentino,,quien,21
Carlos Gardel,Ventarrón,Tango Argentino,,te,22
Carlos Gardel,Ventarrón,Tango Argentino,,iguala,23
Carlos Gardel,Ventarrón,Tango Argentino,,por,23
Carlos Gardel,Ventarrón,Tango Argentino,,tu,23
Carlos Gardel,Ventarrón,Tango Argentino,,rango,24
Carlos Gardel,Ventarrón,Tango Argentino,,en,25
Carlos Gardel,Ventarrón,Tango Argentino,,las,26
Carlos Gardel,Ventarrón,Tango Argentino,,canyengues,27
Carlos Gardel,Ventarrón,Tango Argentino,,quebradas,28
Carlos Gardel,Ventarrón,Tango Argentino,,del,28
Carlos Gardel,Ventarrón,Tango Argentino,,tango,29
Carlos Gardel,Ventarrón,Tango Argentino,,en,29
Carlos Gardel,Ventarrón,Tango Argentino,,la,30
Carlos Gardel,Ventarrón,Tango Argentino,,conquista,31
Carlos Gardel,Ventarrón,Tango Argentino,,de,32
Carlos Gardel,Ventarrón,Tango Argentino,,los,32
Carlos Gardel,Ventarrón,Tango Argentino,,corazones,33
Carlos Gardel,Ventarrón,Tango Argentino,,si,34
Carlos Gardel,Ventarrón,Tango Argentino,,llega,35
Carlos Gardel,Ventarrón,Tango Argentino,,la,35
Carlos Gardel,Ventarrón,Tango Argentino,,ocasin,36
Carlos Gardel,Ventarrón,Tango Argentino,,entre,36
Carlos Gardel,Ventarrón,Tango Argentino,,el,36
Carlos Gardel,Ventarrón,Tango Argentino,,malevaje,37
Carlos Gardel,Ventarrón,Tango Argentino,,'',37
Carlos Gardel,Ventarrón,Tango Argentino,,ventarrn,37
Carlos Gardel,Ventarrón,Tango Argentino,,'',37
Carlos Gardel,Ventarrón,Tango Argentino,,a,38
Carlos Gardel,Ventarrón,Tango Argentino,,vos,39
Carlos Gardel,Ventarrón,Tango Argentino,,te,39
Carlos Gardel,Ventarrón,Tango Argentino,,llaman,40
Carlos Gardel,Ventarrón,Tango Argentino,,'',40
Carlos Gardel,Ventarrón,Tango Argentino,,ventarrn,40
Carlos Gardel,Ventarrón,Tango Argentino,,'',40
Carlos Gardel,Ventarrón,Tango Argentino,,por,40
Carlos Gardel,Ventarrón,Tango Argentino,,tu,40
Carlos Gardel,Ventarrón,Tango Argentino,,coraje,41
Carlos Gardel,Ventarrón,Tango Argentino,,por,41
Carlos Gardel,Ventarrón,Tango Argentino,,tus,42
Carlos Gardel,Ventarrón,Tango Argentino,,hazaas,43
Carlos Gardel,Ventarrón,Tango Argentino,,todos,43
Carlos Gardel,Ventarrón,Tango Argentino,,te,43
Carlos Gardel,Ventarrón,Tango Argentino,,aclaman,44
Carlos Gardel,Ventarrón,Tango Argentino,,y,45
Carlos Gardel,Ventarrón,Tango Argentino,,a,45
Carlos Gardel,Ventarrón,Tango Argentino,,pesar,46
Carlos Gardel,Ventarrón,Tango Argentino,,de,46
Carlos Gardel,Ventarrón,Tango Argentino,,todo,47
Carlos Gardel,Ventarrón,Tango Argentino,,'',47
Carlos Gardel,Ventarrón,Tango Argentino,,ventarrn,47
Carlos Gardel,Ventarrón,Tango Argentino,,'',47
Carlos Gardel,Ventarrón,Tango Argentino,,dejo,48
Carlos Gardel,Ventarrón,Tango Argentino,,pompeya,49
Carlos Gardel,Ventarrón,Tango Argentino,,y,49
Carlos Gardel,Ventarrón,Tango Argentino,,se,50
Carlos Gardel,Ventarrón,Tango Argentino,,fue,51
Carlos Gardel,Ventarrón,Tango Argentino,,tras,52
Carlos Gardel,Ventarrón,Tango Argentino,,de,52
Carlos Gardel,Ventarrón,Tango Argentino,,la,52
Carlos Gardel,Ventarrón,Tango Argentino,,estrella,53
Carlos Gardel,Ventarrón,Tango Argentino,,que,54
Carlos Gardel,Ventarrón,Tango Argentino,,su,55
Carlos Gardel,Ventarrón,Tango Argentino,,destino,56
Carlos Gardel,Ventarrón,Tango Argentino,,le,57
Carlos Gardel,Ventarrón,Tango Argentino,,sealo,58
Carlos Gardel,Ventarrón,Tango Argentino,,muchos,59
Carlos Gardel,Ventarrón,Tango Argentino,,aos,60
Carlos Gardel,Ventarrón,Tango Argentino,,han,61
Carlos Gardel,Ventarrón,Tango Argentino,,pasado,62
Carlos Gardel,Ventarrón,Tango Argentino,,y,62
Carlos Gardel,Ventarrón,Tango Argentino,,sus,63
Carlos Gardel,Ventarrón,Tango Argentino,,guapezas,64
Carlos Gardel,Ventarrón,Tango Argentino,,y,64
Carlos Gardel,Ventarrón,Tango Argentino,,sus,64
Carlos Gardel,Ventarrón,Tango Argentino,,berrentines,65
Carlos Gardel,Ventarrón,Tango Argentino,,los,65
Carlos Gardel,Ventarrón,Tango Argentino,,fue,65
Carlos Gardel,Ventarrón,Tango Argentino,,dejando,66
Carlos Gardel,Ventarrón,Tango Argentino,,por,66
Carlos Gardel,Ventarrón,Tango Argentino,,los,66
Carlos Gardel,Ventarrón,Tango Argentino,,cafetines,67
Carlos Gardel,Ventarrón,Tango Argentino,,como,68
Carlos Gardel,Ventarrón,Tango Argentino,,un,69
Carlos Gardel,Ventarrón,Tango Argentino,,castigo,70
Carlos Gardel,Ventarrón,Tango Argentino,,de,70
Carlos Gardel,Ventarrón,Tango Argentino,,dios,71
Carlos Gardel,Ventarrón,Tango Argentino,,solo,72
Carlos Gardel,Ventarrón,Tango Argentino,,y,72
Carlos Gardel,Ventarrón,Tango Argentino,,triste,73
Carlos Gardel,Ventarrón,Tango Argentino,,casi,74
Carlos Gardel,Ventarrón,Tango Argentino,,enfermo,75
Carlos Gardel,Ventarrón,Tango Argentino,,con,76
Carlos Gardel,Ventarrón,Tango Argentino,,sus,76
Carlos Gardel,Ventarrón,Tango Argentino,,derrotas,77
Carlos Gardel,Ventarrón,Tango Argentino,,mordindole,78
Carlos Gardel,Ventarrón,Tango Argentino,,el,78
Carlos Gardel,Ventarrón,Tango Argentino,,alma,79
Carlos Gardel,Ventarrón,Tango Argentino,,volvi,80
Carlos Gardel,Ventarrón,Tango Argentino,,el,80
Carlos Gardel,Ventarrón,Tango Argentino,,malevo,80
Carlos Gardel,Ventarrón,Tango Argentino,,buscando,81
Carlos Gardel,Ventarrón,Tango Argentino,,su,81
Carlos Gardel,Ventarrón,Tango Argentino,,fama,81
Carlos Gardel,Ventarrón,Tango Argentino,,que,81
Carlos Gardel,Ventarrón,Tango Argentino,,otro,82
Carlos Gardel,Ventarrón,Tango Argentino,,ya,83
Carlos Gardel,Ventarrón,Tango Argentino,,conquisto,84
Carlos Gardel,Ventarrón,Tango Argentino,,ya,84
Carlos Gardel,Ventarrón,Tango Argentino,,no,85
Carlos Gardel,Ventarrón,Tango Argentino,,sos,85
Carlos Gardel,Ventarrón,Tango Argentino,,el,85
Carlos Gardel,Ventarrón,Tango Argentino,,mismo,85
Carlos Gardel,Ventarrón,Tango Argentino,,'',85
Carlos Gardel,Ventarrón,Tango Argentino,,ventarrn,85
Carlos Gardel,Ventarrón,Tango Argentino,,'',85
Carlos Gardel,Ventarrón,Tango Argentino,,de,85
Carlos Gardel,Ventarrón,Tango Argentino,,aquellos,86
Carlos Gardel,Ventarrón,Tango Argentino,,tiempos,87
Carlos Gardel,Ventarrón,Tango Argentino,,sos,87
Carlos Gardel,Ventarrón,Tango Argentino,,cartn,88
Carlos Gardel,Ventarrón,Tango Argentino,,para,89
Carlos Gardel,Ventarrón,Tango Argentino,,el,89
Carlos Gardel,Ventarrón,Tango Argentino,,amigo,90
Carlos Gardel,Ventarrón,Tango Argentino,,y,90
Carlos Gardel,Ventarrón,Tango Argentino,,para,90
Carlos Gardel,Ventarrón,Tango Argentino,,el,90
Carlos Gardel,Ventarrón,Tango Argentino,,maula,91
Carlos Gardel,Ventarrón,Tango Argentino,,un,91
Carlos Gardel,Ventarrón,Tango Argentino,,pobre,92
Carlos Gardel,Ventarrón,Tango Argentino,,cristo,93
Carlos Gardel,Ventarrón,Tango Argentino,,y,93
Carlos Gardel,Ventarrón,Tango Argentino,,al,94
Carlos Gardel,Ventarrón,Tango Argentino,,sentir,95
Carlos Gardel,Ventarrón,Tango Argentino,,un,95
Carlos Gardel,Ventarrón,Tango Argentino,,tango,95
Carlos Gardel,Ventarrón,Tango Argentino,,compadron,96
Carlos Gardel,Ventarrón,Tango Argentino,,y,96
Carlos Gardel,Ventarrón,Tango Argentino,,retobado,97
Carlos Gardel,Ventarrón,Tango Argentino,,records,98
Carlos Gardel,Ventarrón,Tango Argentino,,de,98
Carlos Gardel,Ventarrón,Tango Argentino,,aquel,99
Carlos Gardel,Ventarrón,Tango Argentino,,pasado,99
Carlos Gardel,Ventarrón,Tango Argentino,,las,99
Carlos Gardel,Ventarrón,Tango Argentino,,glorias,100
Carlos Gardel,Ventarrón,Tango Argentino,,guapas,101
Carlos Gardel,Ventarrón,Tango Argentino,,del,101
Carlos Gardel,Ventarrón,Tango Argentino,,``,101
Carlos Gardel,Ventarrón,Tango Argentino,,ventarrn,101
Carlos Gardel,Ventarrón,Tango Argentino,,'',101
