Carlos Gardel,Almagro,,,como,1
Carlos Gardel,Almagro,,,recuerdo,2
Carlos Gardel,Almagro,,,barrio,3
Carlos Gardel,Almagro,,,querido,4
Carlos Gardel,Almagro,,,aquellos,5
Carlos Gardel,Almagro,,,tiempos,6
Carlos Gardel,Almagro,,,de,7
Carlos Gardel,Almagro,,,mi,8
Carlos Gardel,Almagro,,,niñez,9
Carlos Gardel,Almagro,,,eres,10
Carlos Gardel,Almagro,,,el,11
Carlos Gardel,Almagro,,,sitio,12
Carlos Gardel,Almagro,,,donde,13
Carlos Gardel,Almagro,,,he,14
Carlos Gardel,Almagro,,,nacido,15
Carlos Gardel,Almagro,,,y,16
Carlos Gardel,Almagro,,,eres,16
Carlos Gardel,Almagro,,,la,17
Carlos Gardel,Almagro,,,cuna,18
Carlos Gardel,Almagro,,,de,18
Carlos Gardel,Almagro,,,mi,18
Carlos Gardel,Almagro,,,honradez,19
Carlos Gardel,Almagro,,,barrio,19
Carlos Gardel,Almagro,,,del,20
Carlos Gardel,Almagro,,,alma,21
Carlos Gardel,Almagro,,,fue,22
Carlos Gardel,Almagro,,,por,23
Carlos Gardel,Almagro,,,tus,24
Carlos Gardel,Almagro,,,calles,25
Carlos Gardel,Almagro,,,donde,25
Carlos Gardel,Almagro,,,he,25
Carlos Gardel,Almagro,,,gozado,26
Carlos Gardel,Almagro,,,mi,26
Carlos Gardel,Almagro,,,juventud,27
Carlos Gardel,Almagro,,,noches,28
Carlos Gardel,Almagro,,,de,28
Carlos Gardel,Almagro,,,amor,29
Carlos Gardel,Almagro,,,vivi,30
Carlos Gardel,Almagro,,,;,31
Carlos Gardel,Almagro,,,con,32
Carlos Gardel,Almagro,,,tierno,33
Carlos Gardel,Almagro,,,afan,34
Carlos Gardel,Almagro,,,soñe,35
Carlos Gardel,Almagro,,,y,35
Carlos Gardel,Almagro,,,entre,36
Carlos Gardel,Almagro,,,tus,36
Carlos Gardel,Almagro,,,flores,37
Carlos Gardel,Almagro,,,también,38
Carlos Gardel,Almagro,,,llore,39
Carlos Gardel,Almagro,,,que,40
Carlos Gardel,Almagro,,,triste,41
Carlos Gardel,Almagro,,,es,42
Carlos Gardel,Almagro,,,recordar,43
Carlos Gardel,Almagro,,,me,44
Carlos Gardel,Almagro,,,duele,45
Carlos Gardel,Almagro,,,el,45
Carlos Gardel,Almagro,,,corazón,46
Carlos Gardel,Almagro,,,almagro,47
Carlos Gardel,Almagro,,,mio,48
Carlos Gardel,Almagro,,,que,48
Carlos Gardel,Almagro,,,enfermo,49
Carlos Gardel,Almagro,,,estoy,50
Carlos Gardel,Almagro,,,almagro,50
Carlos Gardel,Almagro,,,almagro,50
Carlos Gardel,Almagro,,,de,50
Carlos Gardel,Almagro,,,mi,50
Carlos Gardel,Almagro,,,vida,51
Carlos Gardel,Almagro,,,tu,52
Carlos Gardel,Almagro,,,fuiste,53
Carlos Gardel,Almagro,,,el,53
Carlos Gardel,Almagro,,,alma,53
Carlos Gardel,Almagro,,,de,53
Carlos Gardel,Almagro,,,mis,54
Carlos Gardel,Almagro,,,sueños,55
Carlos Gardel,Almagro,,,cuantas,56
Carlos Gardel,Almagro,,,noches,56
Carlos Gardel,Almagro,,,de,56
Carlos Gardel,Almagro,,,luna,57
Carlos Gardel,Almagro,,,y,57
Carlos Gardel,Almagro,,,de,57
Carlos Gardel,Almagro,,,fe,58
Carlos Gardel,Almagro,,,a,59
Carlos Gardel,Almagro,,,tu,59
Carlos Gardel,Almagro,,,amparo,60
Carlos Gardel,Almagro,,,yo,61
Carlos Gardel,Almagro,,,supe,62
Carlos Gardel,Almagro,,,querer,63
Carlos Gardel,Almagro,,,almagro,63
Carlos Gardel,Almagro,,,gloria,64
Carlos Gardel,Almagro,,,de,64
Carlos Gardel,Almagro,,,los,65
Carlos Gardel,Almagro,,,guapos,66
Carlos Gardel,Almagro,,,;,66
Carlos Gardel,Almagro,,,lugar,67
Carlos Gardel,Almagro,,,de,67
Carlos Gardel,Almagro,,,idilios,68
Carlos Gardel,Almagro,,,y,68
Carlos Gardel,Almagro,,,poesia,69
Carlos Gardel,Almagro,,,mi,69
Carlos Gardel,Almagro,,,cabeza,70
Carlos Gardel,Almagro,,,la,70
Carlos Gardel,Almagro,,,nieve,71
Carlos Gardel,Almagro,,,cubrio,72
Carlos Gardel,Almagro,,,;,72
Carlos Gardel,Almagro,,,ya,73
Carlos Gardel,Almagro,,,se,74
Carlos Gardel,Almagro,,,fue,74
Carlos Gardel,Almagro,,,mi,74
Carlos Gardel,Almagro,,,alegria,75
Carlos Gardel,Almagro,,,como,75
Carlos Gardel,Almagro,,,un,76
Carlos Gardel,Almagro,,,rayo,77
Carlos Gardel,Almagro,,,de,77
Carlos Gardel,Almagro,,,sol,78
Carlos Gardel,Almagro,,,el,78
Carlos Gardel,Almagro,,,tiempo,79
Carlos Gardel,Almagro,,,ingrato,80
Carlos Gardel,Almagro,,,doblo,81
Carlos Gardel,Almagro,,,mi,81
Carlos Gardel,Almagro,,,espalda,82
Carlos Gardel,Almagro,,,y,82
Carlos Gardel,Almagro,,,a,82
Carlos Gardel,Almagro,,,mi,82
Carlos Gardel,Almagro,,,sonrisa,83
Carlos Gardel,Almagro,,,le,84
Carlos Gardel,Almagro,,,dio,85
Carlos Gardel,Almagro,,,frialdad,86
Carlos Gardel,Almagro,,,ya,86
Carlos Gardel,Almagro,,,soy,87
Carlos Gardel,Almagro,,,un,87
Carlos Gardel,Almagro,,,viejo,88
Carlos Gardel,Almagro,,,soy,88
Carlos Gardel,Almagro,,,una,89
Carlos Gardel,Almagro,,,carga,90
Carlos Gardel,Almagro,,,con,90
Carlos Gardel,Almagro,,,muchas,91
Carlos Gardel,Almagro,,,dudas,92
Carlos Gardel,Almagro,,,y,92
Carlos Gardel,Almagro,,,soledad,93
Carlos Gardel,Almagro,,,almagro,93
Carlos Gardel,Almagro,,,mio,93
Carlos Gardel,Almagro,,,todo,94
Carlos Gardel,Almagro,,,ha,95
Carlos Gardel,Almagro,,,pasado,96
Carlos Gardel,Almagro,,,;,96
Carlos Gardel,Almagro,,,quedan,97
Carlos Gardel,Almagro,,,cenizas,98
Carlos Gardel,Almagro,,,de,98
Carlos Gardel,Almagro,,,lo,99
Carlos Gardel,Almagro,,,que,99
Carlos Gardel,Almagro,,,fue,99
Carlos Gardel,Almagro,,,amante,100
Carlos Gardel,Almagro,,,espiritual,101
Carlos Gardel,Almagro,,,de,101
Carlos Gardel,Almagro,,,tu,101
Carlos Gardel,Almagro,,,querer,101
Carlos Gardel,Almagro,,,sin,102
Carlos Gardel,Almagro,,,fin,103
Carlos Gardel,Almagro,,,donde,103
Carlos Gardel,Almagro,,,he,103
Carlos Gardel,Almagro,,,nacido,103
Carlos Gardel,Almagro,,,he,103
Carlos Gardel,Almagro,,,de,103
Carlos Gardel,Almagro,,,morir,104
Carlos Gardel,Almagro,,,almagro,104
Carlos Gardel,Almagro,,,dulce,105
Carlos Gardel,Almagro,,,hogar,106
Carlos Gardel,Almagro,,,te,107
Carlos Gardel,Almagro,,,dejo,108
Carlos Gardel,Almagro,,,el,108
Carlos Gardel,Almagro,,,corazón,108
Carlos Gardel,Almagro,,,como,108
Carlos Gardel,Almagro,,,un,108
Carlos Gardel,Almagro,,,recuerdo,108
Carlos Gardel,Almagro,,,de,108
Carlos Gardel,Almagro,,,mi,108
Carlos Gardel,Almagro,,,pasión,109
